pais;estado
Afghanistan;Badakhshan
Afghanistan;Badghis
Afghanistan;Baghlan
Afghanistan;Balkh
Afghanistan;Bamyan
Afghanistan;Daykundi
Afghanistan;Farah
Afghanistan;Faryab
Afghanistan;Ghazni
Afghanistan;Ghowr
Afghanistan;Helmand
Afghanistan;Herat
Afghanistan;Jowzjan
Afghanistan;Kabul
Afghanistan;Kandahar
Afghanistan;Kapisa
Afghanistan;Khowst
Afghanistan;Kunar
Afghanistan;Kunduz
Afghanistan;Laghman
Afghanistan;Logar
Afghanistan;Nangarhar
Afghanistan;Nimroz
Afghanistan;Nuristan
Afghanistan;Oruzgan
Afghanistan;Paktia
Afghanistan;Paktika
Afghanistan;Panjshir
Afghanistan;Parwan
Afghanistan;Samangan
Afghanistan;Sar-e Pol
Afghanistan;Takhar
Afghanistan;Vardak
Afghanistan;Zabul
American Samoa;Eastern District
Angola;Bengo
Angola;Benguela
Angola;Bie
Angola;Cabinda
Angola;Cuando Cobango
Angola;Cuanza Norte
Angola;Cunene
Angola;Huambo
Angola;Huila
Angola;Kwanza Sul
Angola;Luanda
Angola;Luanda Norte
Angola;Lunda Sul
Angola;Malanje
Angola;Moxico
Angola;Namibe
Angola;Uige
Angola;Zaire
Anguilla;Blowing Point
Anguilla;Island Harbour
Brazil;Acre
Brazil;Alagoas
Brazil;Amapa
Brazil;Amazonas
Brazil;Bahia
Brazil;Ceara
Brazil;Espirito Santo
Brazil;Federal District
Brazil;Goias
Brazil;Maranhao
Brazil;Mato Grosso
Brazil;Mato Grosso do Sul
Brazil;Minas Gerais
Brazil;Para
Brazil;Paraiba
Brazil;Parana
Brazil;Pernambuco
Brazil;Piaui
Brazil;Rio Grande do Norte
Brazil;Rio Grande do Sul
Brazil;Rio de Janeiro
Brazil;Rondonia
Brazil;Roraima
Brazil;Santa Catarina
Brazil;Sao Paulo
Brazil;Sergipe
Brazil;Tocantins
Brunei;Belait
Brunei;Brunei and Muara
Brunei;Temburong
Brunei;Tutong
Bulgaria;Blagoevgrad
Bulgaria;Burgas
Bulgaria;Dobrich
Bulgaria;Haskovo
Bulgaria;Kardzhali
Bulgaria;Lovech
Bulgaria;Pernik
Bulgaria;Pleven
Bulgaria;Plovdiv
Bulgaria;Ruse
Bulgaria;Shumen
Bulgaria;Sliven
Bulgaria;Smolyan
Bulgaria;Sofia
Bulgaria;Stara Zagora
Bulgaria;Varna
Bulgaria;Veliko Tarnovo
Bulgaria;Vidin
Bulgaria;Vratsa
Cambodia;Banteay Meanchey
Cambodia;Battambang
Cambodia;Kampong Cham
Cambodia;Kampong Chhnang
Cambodia;Kampong Speu
Cambodia;Kampong Thom
Cambodia;Kampot
Cambodia;Kandal
Cambodia;Kep
Cambodia;Koh Kong
Cambodia;Kratie
Cambodia;Mondolkiri
Cambodia;Otar Meanchey
Cambodia;Pailin
Cambodia;Phnom Penh
Cambodia;Preah Sihanouk
Cambodia;Preah Vihear
Cambodia;Prey Veng
Cambodia;Pursat
Cambodia;Ratanakiri
Cambodia;Siem Reap
Cambodia;Stung Treng
Cambodia;Svay Rieng
Cambodia;Takeo
Cambodia;Tboung Khmum
Cameroon;Centre
Cameroon;Littoral
Egypt;Alexandria
Egypt;Aswan
Egypt;Asyut
Egypt;Beheira
Egypt;Beni Suweif
Egypt;Cairo
Egypt;Dakahlia
Egypt;Damietta
Egypt;Faiyum
Egypt;Gharbia
Egypt;Giza
Egypt;Ismailia
Egypt;Kafr el-Sheikh
Egypt;Luxor
Egypt;Matruh
Egypt;Minya
Egypt;Monufia
Egypt;New Valley
Egypt;North Sinai
Egypt;Port Said
Egypt;Qalyubia
Egypt;Qena
Egypt;Red Sea
Egypt;Sharqia
Egypt;Sohag
Egypt;South Sinai
Egypt;Suez
Estonia;Harjumaa
Estonia;Hiiumaa
Estonia;Ida-Virumaa
Estonia;Jaervamaa
Estonia;Jogevamaa
Estonia;Laeaene
Estonia;Laeaene-Virumaa
Estonia;Paernumaa
Estonia;Polva maakond
Estonia;Raplamaa
Estonia;Saaremaa
Estonia;Tartu
Estonia;Valgamaa
Estonia;Viljandimaa
Estonia;Vorumaa
Ethiopia;Addis Ababa
Ethiopia;Oromiya
Ethiopia;SNNPR
Ethiopia;Somali
Faroe Islands;Eysturoy
Faroe Islands;Nordoyar
Faroe Islands;Sandoy
Faroe Islands;Streymoy
Faroe Islands;Suduroy
Faroe Islands;Vagar
Finland;Central Finland
Finland;Central Ostrobothnia
Finland;Finland Proper
Finland;Kainuu
Finland;Kymenlaakso
Finland;Lapland
Finland;North Karelia
Finland;Northern Ostrobothnia
Finland;Northern Savonia
Finland;Ostrobothnia
Finland;Paijanne Tavastia
Finland;Pirkanmaa
Finland;Satakunta
Finland;South Karelia
Finland;Southern Ostrobothnia
Finland;Southern Savonia
Finland;Tavastia Proper
Finland;Uusimaa
Hungary;Bacs-Kiskun
Hungary;Central Hungary
Hungary;Central Transdanubia
Hungary;Heves
Hungary;Komarom-Esztergom
Hungary;Nograd
Hungary;Northern Great Plain
Hungary;Northern Hungary
Hungary;Pest
Hungary;Somogy
Hungary;Southern Great Plain
Hungary;Southern Transdanubia
Hungary;Western Transdanubia
India;Andaman and Nicobar Islands
India;Andhra Pradesh
India;Assam
India;Bihar
India;Chandigarh
India;Chhattisgarh
India;Dadra and Nagar Haveli
India;Daman and Diu
India;Delhi
India;Goa
India;Gujarat
India;Haryana
India;Himachal Pradesh
India;Jammu and Kashmir
India;Jharkhand
India;Karnataka
India;Kerala
India;Lakshadweep
India;Madhya Pradesh
India;Maharashtra
India;Manipur
India;Meghalaya
India;Mizoram
India;Nagaland
India;Odisha
India;Puducherry
India;Punjab
India;Rajasthan
India;Sikkim
India;Tamil Nadu
India;Telangana
India;Tripura
India;Uttar Pradesh
India;Uttarakhand
India;West Bengal
Indonesia;Aceh
Indonesia;Bali
Indonesia;Bangka Belitung
Indonesia;Banten
Indonesia;Bengkulu
Indonesia;Central Java
Indonesia;Central Kalimantan
Indonesia;Central Sulawesi
Indonesia;East Java
Indonesia;East Kalimantan
Indonesia;East Nusa Tenggara
Indonesia;Gorontalo
Indonesia;Jakarta
Indonesia;Jambi
Indonesia;Lampung
Indonesia;Maluku
Indonesia;North Kalimantan
Indonesia;North Maluku
Indonesia;North Sulawesi
Indonesia;North Sumatra
Indonesia;Papua
Indonesia;Riau
Indonesia;Riau Islands
Indonesia;South Kalimantan
Indonesia;South Sulawesi
Indonesia;South Sumatra
Indonesia;Southeast Sulawesi
Indonesia;West Java
Indonesia;West Kalimantan
Indonesia;West Nusa Tenggara
Indonesia;West Papua
Indonesia;West Sulawesi
Indonesia;West Sumatra
Indonesia;Yogyakarta
Iran;Alborz
Iran;Ardabil
Iran;Bushehr
Iran;Chaharmahal and Bakhtiari
Iran;East Azerbaijan
Iran;Fars
Iran;Gilan
Iran;Golestan
Iran;Hamadan
Iran;Hormozgan
Iran;Ilam
Iran;Isfahan
Iran;Kerman
Iran;Kermanshah
Iran;Khorasan-e Jonubi
Iran;Khorasan-e Shomali
Iran;Khuzestan
Iran;Kohgiluyeh and Boyer-Ahmad
Iran;Kordestan
Iran;Lorestan
Iran;Markazi
Iran;Mazandaran
Iran;Qazvin
Iran;Qom
Iran;Razavi Khorasan
Iran;Semnan
Iran;Sistan and Baluchestan
Iran;Tehran
Iran;West Azerbaijan
Iran;Yazd
Iran;Zanjan
Iraq;Arbil
Iraq;As Sulaymaniyah
Iraq;Baghdad
Iraq;Diyala
Iraq;Kirkuk
Madagascar;Alaotra Mangoro
Madagascar;Analamanga
Madagascar;Androy
Madagascar;Atsimo-Andrefana
Madagascar;Atsinanana
Madagascar;Diana
Malawi;Central Region
Malawi;Northern Region
Malawi;Southern Region
Malaysia;Johor
Malaysia;Kedah
Malaysia;Kelantan
Malaysia;Kuala Lumpur
Malaysia;Labuan
Malaysia;Melaka
Malaysia;Negeri Sembilan
Malaysia;Pahang
Malaysia;Penang
Malaysia;Perak
Malaysia;Perlis
Malaysia;Putrajaya
Malaysia;Sabah
Malaysia;Sarawak
Malaysia;Selangor
Malaysia;Terengganu
Mexico;Aguascalientes
Mexico;Baja California
Mexico;Baja California Sur
Mexico;Campeche
Mexico;Chiapas
Mexico;Chihuahua
Mexico;Coahuila
Mexico;Colima
Mexico;Durango
Mexico;Guanajuato
Mexico;Guerrero
Mexico;Hidalgo
Mexico;Jalisco
Mexico;Mexico City
Mexico;Michoacan
Mexico;Morelos
Mexico;Nayarit
Mexico;Nuevo Leon
Mexico;Oaxaca
Mexico;Puebla
Mexico;Queretaro
Mexico;Quintana Roo
Mexico;San Luis Potosi
Mexico;Sinaloa
Mexico;Sonora
Mexico;State of Mexico
Mexico;Tabasco
Mexico;Tamaulipas
Mexico;Tlaxcala
Mexico;Veracruz
Mexico;Yucatan
Mexico;Zacatecas
Moldova;Anenii Noi
Moldova;Balti
Moldova;Basarabeasca
Moldova;Bender Municipality
Moldova;Briceni
Moldova;Cahul
Moldova;Calarasi
Moldova;Cantemir
Moldova;Causeni
Moldova;Chisinau Municipality
Moldova;Cimislia
Moldova;Criuleni
Moldova;Donduseni
Moldova;Drochia
Moldova;Dubasari
Moldova;Falesti
Moldova;Floresti
Moldova;Gagauzia
Moldova;Glodeni
Moldova;Hincesti
Moldova;Ialoveni
Moldova;Leova
Moldova;Nisporeni
Moldova;Orhei
Moldova;Raionul Edinet
Moldova;Raionul Ocnita
Moldova;Raionul Soroca
Moldova;Rezina
Moldova;Riscani
Moldova;Singerei
Moldova;Soldanesti
Moldova;Stefan-Voda
Moldova;Stinga Nistrului
Moldova;Straseni
Moldova;Taraclia
Moldova;Telenesti
Moldova;Ungheni
Oman;Al Batinah North
Oman;Musandam
Oman;Muscat
Oman;Northeastern Governorate
Pakistan;Azad Kashmir
Pakistan;Balochistan
Pakistan;FATA
Pakistan;Gilgit-Baltistan
Pakistan;Islamabad
Pakistan;Khyber Pakhtunkhwa
Pakistan;Punjab
Pakistan;Sindh
Paraguay;Alto Paraguay
Paraguay;Alto Parana
Paraguay;Amambay
Paraguay;Asuncion
Paraguay;Boqueron
Paraguay;Caaguazu
Paraguay;Caazapa
Paraguay;Canindeyu
Paraguay;Central
Paraguay;Concepcion
Paraguay;Cordillera
Paraguay;Guaira
Paraguay;Itapua
Paraguay;Misiones
Paraguay;Neembucu
Paraguay;Paraguari
Paraguay;Presidente Hayes
Paraguay;San Pedro
Peru;Amazonas
Peru;Ancash
Peru;Apurimac
Peru;Arequipa
Peru;Ayacucho
Peru;Cajamarca
Peru;Callao
Peru;Cusco
Peru;Huancavelica
Peru;Huanuco
Peru;Ica
Peru;Junin
Peru;La Libertad
Peru;Lambayeque
Peru;Lima
Peru;Lima region
Peru;Loreto
Peru;Madre de Dios
Peru;Moquegua
Peru;Pasco
Peru;Piura
Peru;Puno
Peru;San Martin
Peru;Tacna
Peru;Tumbes
Peru;Ucayali
South Africa;Eastern Cape
South Africa;Free State
South Africa;Gauteng
South Africa;KwaZulu-Natal
South Africa;Limpopo
South Africa;Mpumalanga
South Africa;North West
South Africa;Northern Cape
South Africa;Western Cape
South Korea;Busan
South Korea;Chungcheongbuk-do
South Korea;Chungcheongnam-do
South Korea;Daegu
South Korea;Daejeon
South Korea;Gangwon-do
South Korea;Gwangju
South Korea;Gyeonggi-do
South Korea;Gyeongsangbuk-do
South Korea;Gyeongsangnam-do
South Korea;Incheon
South Korea;Jeju-do
South Korea;Jeollabuk-do
South Korea;Jeollanam-do
South Korea;Sejong
South Korea;Seoul
South Korea;Ulsan
Spain;Andalusia
Spain;Aragon
Spain;Asturias
Spain;Balearic Islands
Spain;Basque Country
Spain;Canary Islands
Spain;Cantabria
Spain;Castille and Leon
Spain;Castille-La Mancha
Spain;Catalonia
Spain;Ceuta
Spain;Extremadura
Spain;Galicia
Spain;La Rioja
Spain;Madrid
Spain;Melilla
Spain;Murcia
Spain;Navarre
Spain;Valencia
Sri Lanka;Central
Sri Lanka;Eastern Province
Sri Lanka;North Central
Sri Lanka;North Western
Sri Lanka;Northern Province
Sri Lanka;Sabaragamuwa
Sri Lanka;Southern
Sri Lanka;Uva
Sri Lanka;Western
Sudan;Al Jazirah
Sudan;Al Qadarif
Sudan;Blue Nile
Sudan;Central Darfur
Sudan;Eastern Darfur
Sudan;Kassala
Sudan;Khartoum
Sudan;North Kordofan
Sudan;Northern Darfur
Sudan;Northern State
Sudan;Red Sea
Sudan;River Nile
Sudan;Sinnar
Sudan;Southern Darfur
Sudan;Southern Kordofan
Sudan;West Kordofan State
Sudan;Western Darfur
Sudan;White Nile
United Kingdom;England
United Kingdom;Northern Ireland
United Kingdom;Scotland
United Kingdom;Wales
Venezuela;Amazonas
Venezuela;Bolivar
Argentina;Buenos Aires
Argentina;Buenos Aires F.D.
Argentina;Catamarca
Argentina;Chaco
Argentina;Chubut
Argentina;Cordoba
Argentina;Corrientes
Argentina;Entre Rios
Argentina;Formosa
Argentina;Jujuy
Argentina;La Pampa
Argentina;La Rioja
Argentina;Mendoza
Argentina;Misiones
Argentina;Santa Fe
Argentina;Tierra del Fuego
Armenia;Ararat
Armenia;Armavir
Armenia;Gegharkunik
Armenia;Kotayk
Armenia;Yerevan
Australia;ACT
Australia;New South Wales
Australia;Northern Territory
Australia;Queensland
Australia;South Australia
Australia;Tasmania
Australia;Victoria
Australia;Western Australia
Austria;Burgenland
Austria;Carinthia
Austria;Lower Austria
Austria;Salzburg
Austria;Styria
Austria;Tyrol
Austria;Upper Austria
Austria;Vienna
Austria;Vorarlberg
Azerbaijan;Abseron
Azerbaijan;Agdam
Azerbaijan;Agdas
Azerbaijan;Aghjabadi Rayon
Azerbaijan;Agstafa
Azerbaijan;Agsu
Azerbaijan;Astara
Azerbaijan;Baki
Azerbaijan;Balakan Rayon
Azerbaijan;Barda Rayon
Azerbaijan;Beylaqan
Azerbaijan;Bilasuvar Rayon
Azerbaijan;Dashkasan Rayon
Azerbaijan;Fuezuli
Azerbaijan;Gadabay Rayon
Azerbaijan;Ganja City
Azerbaijan;Goeycay
Azerbaijan;Goranboy
Azerbaijan;Goygol Rayon
Azerbaijan;Haciqabul
Azerbaijan;Imisli
Azerbaijan;Ismayilli
Azerbaijan;Jabrayil
Azerbaijan;Jalilabad
Azerbaijan;Kalbajar
Azerbaijan;Khojavend
Azerbaijan;Kurdamir Rayon
Azerbaijan;Lacin
Azerbaijan;Lankaran
Azerbaijan;Lerik
Azerbaijan;Masally
Azerbaijan;Mingacevir City
Azerbaijan;Naftalan
Azerbaijan;Nakhichevan
Azerbaijan;Neftcala
Azerbaijan;Oguz
Azerbaijan;Qabala Rayon
Azerbaijan;Qakh Rayon
Azerbaijan;Qazax
Azerbaijan;Qobustan
Azerbaijan;Quba
Azerbaijan;Qubadli
Azerbaijan;Qusar
Azerbaijan;Saatli
Azerbaijan;Sabirabad
Azerbaijan;Salyan
Azerbaijan;Samaxi
Azerbaijan;Samux
Azerbaijan;Shabran
Azerbaijan;Shaki City
Azerbaijan;Shaki Rayon
Azerbaijan;Shamkir Rayon
Azerbaijan;Shirvan
Azerbaijan;Siazan Rayon
Azerbaijan;Sumqayit
Azerbaijan;Susa
Azerbaijan;Tartar Rayon
Azerbaijan;Tovuz
Azerbaijan;Ucar
Azerbaijan;Xacmaz
Azerbaijan;Xankandi Sahari
Azerbaijan;Xizi
Azerbaijan;Xocali
Azerbaijan;Yardimli
Azerbaijan;Yevlax
Azerbaijan;Yevlax City
Azerbaijan;Zangilan Rayon
Azerbaijan;Zaqatala
Azerbaijan;Zardab
Czech Republic;Central Bohemia
Czech Republic;Jihocesky
Czech Republic;Karlovarsky
Czech Republic;Kralovehradecky
Czech Republic;Liberecky
Czech Republic;Moravskoslezsky
Czech Republic;Olomoucky
Czech Republic;Pardubicky
Czech Republic;Plzensky
Czech Republic;Praha
Czech Republic;South Moravian
Czech Republic;Ustecky
Czech Republic;Vysocina
Czech Republic;Zlin
Dominican Republic;Azua
Dominican Republic;Baoruco
Dominican Republic;Barahona
Dominican Republic;Dajabon
Dominican Republic;Duarte
Dominican Republic;El Seibo
Dominican Republic;Elias Pina
Dominican Republic;Espaillat
Dominican Republic;Hato Mayor
Dominican Republic;Hermanas Mirabal
Dominican Republic;Independencia
Dominican Republic;La Altagracia
Dominican Republic;La Romana
Dominican Republic;La Vega
Dominican Republic;Maria Trinidad Sanchez
Dominican Republic;Monsenor Nouel
Dominican Republic;Monte Cristi
Dominican Republic;Monte Plata
Dominican Republic;Nacional
Dominican Republic;Pedernales
Dominican Republic;Peravia
Dominican Republic;Puerto Plata
Dominican Republic;Samana
Dominican Republic;San Cristobal
Dominican Republic;San Jose de Ocoa
Dominican Republic;San Juan
Dominican Republic;San Pedro de Macoris
Dominican Republic;Sanchez Ramirez
Dominican Republic;Santiago
Dominican Republic;Santiago Rodriguez
Dominican Republic;Santo Domingo
Dominican Republic;Valverde
Ecuador;Azuay
Ecuador;Carchi
Ecuador;Galapagos
Ecuador;Guayas
Ecuador;Manabi
Ecuador;Pichincha
Italy;Abruzzo
Italy;Aosta Valley
Italy;Apulia
Italy;Basilicate
Italy;Calabria
Italy;Campania
Italy;Emilia-Romagna
Italy;Friuli Venezia Giulia
Italy;Latium
Italy;Liguria
Italy;Lombardy
Italy;Molise
Italy;Piedmont
Italy;Sardinia
Italy;Sicily
Italy;The Marches
Italy;Trentino-Alto Adige
Italy;Tuscany
Italy;Umbria
Italy;Veneto
Japan;Aichi
Japan;Akita
Japan;Aomori
Japan;Chiba
Japan;Ehime
Japan;Fukui
Japan;Fukuoka
Japan;Fukushima
Japan;Gifu
Japan;Gunma
Japan;Hiroshima
Japan;Hokkaido
Japan;Hyogo
Japan;Ibaraki
Japan;Ishikawa
Japan;Iwate
Japan;Kagawa
Japan;Kagoshima
Japan;Kanagawa
Japan;Kochi
Japan;Kumamoto
Japan;Kyoto
Japan;Mie
Japan;Miyagi
Japan;Miyazaki
Japan;Nagano
Japan;Nagasaki
Japan;Nara
Japan;Niigata
Japan;Oita
Japan;Okayama
Japan;Okinawa
Japan;Osaka
Japan;Saga
Japan;Saitama
Japan;Shiga
Japan;Shimane
Japan;Shizuoka
Japan;Tochigi
Japan;Tokushima
Japan;Tokyo
Japan;Tottori
Japan;Toyama
Japan;Wakayama
Japan;Yamagata
Japan;Yamaguchi
Japan;Yamanashi
Kenya;Busia
Kenya;Homa Bay
Kenya;Kajiado
Kenya;Kakamega
Kenya;Kiambu
Kenya;Kilifi
Kenya;Kisumu
Kenya;Machakos
Kenya;Marakwet District
Kenya;Migori
Kenya;Mombasa
Kenya;Nairobi
Kenya;Nakuru
Kenya;Nandi
Kenya;Siaya
Kenya;Turkana
Kenya;Uasin Gishu
Kuwait;Al Asimah
Kuwait;Hawalli
Nigeria;Abia
Nigeria;Adamawa
Nigeria;Akwa Ibom
Nigeria;Anambra
Nigeria;Bauchi
Nigeria;Bayelsa
Nigeria;Benue
Nigeria;Borno
Nigeria;Cross River
Nigeria;Delta
Nigeria;Ebonyi
Nigeria;Edo
Nigeria;Ekiti
Nigeria;Enugu
Nigeria;FCT
Nigeria;Gombe
Nigeria;Imo
Nigeria;Jigawa
Nigeria;Kaduna
Nigeria;Kano
Nigeria;Katsina
Nigeria;Kebbi
Nigeria;Kogi
Nigeria;Kwara
Nigeria;Lagos
Nigeria;Nassarawa
Nigeria;Niger
Nigeria;Ogun
Nigeria;Ondo
Nigeria;Osun
Nigeria;Oyo
Nigeria;Plateau
Nigeria;Rivers
Nigeria;Sokoto
Nigeria;Taraba
Nigeria;Yobe
Nigeria;Zamfara
Philippines;Bicol
Philippines;Calabarzon
Philippines;Caraga
Philippines;Central Luzon
Philippines;Central Visayas
Philippines;Cordillera Administrative Region
Philippines;Davao
Philippines;Ilocos
Philippines;Mimaropa
Philippines;National Capital Region
Philippines;Northern Mindanao
Philippines;Soccsksargen
Philippines;Western Visayas
Philippines;Zamboanga Peninsula
Poland;Greater Poland
Poland;Kujawsko-Pomorskie
Poland;Lesser Poland Voivodeship
Poland;Lodz Voivodeship
Poland;Lower Silesia
Poland;Lublin
Poland;Lubusz
Poland;Mazovia
Poland;Opole Voivodeship
Poland;Podlasie
Poland;Pomerania
Poland;Silesia
Poland;Subcarpathian Voivodeship
Poland;Swietokrzyskie
Poland;Warmia-Masuria
Poland;West Pomerania
Switzerland;Aargau
Switzerland;Appenzell Ausserrhoden
Switzerland;Appenzell Innerrhoden
Switzerland;Basel-City
Switzerland;Basel-Landschaft
Switzerland;Bern
Switzerland;Fribourg
Switzerland;Geneva
Switzerland;Glarus
Switzerland;Grisons
Switzerland;Jura
Switzerland;Lucerne
Switzerland;Neuchatel
Switzerland;Nidwalden
Switzerland;Obwalden
Switzerland;Schaffhausen
Switzerland;Schwyz
Switzerland;Solothurn
Switzerland;St. Gallen
Switzerland;Thurgau
Switzerland;Ticino
Switzerland;Uri
Switzerland;Valais
Switzerland;Vaud
Switzerland;Zug
Switzerland;Zurich
Taiwan;Kaohsiung
Taiwan;Taipei
Taiwan;Taiwan
Tanzania;Arusha
Tanzania;Dar es Salaam
Tanzania;Dodoma
Tanzania;Geita
Tanzania;Iringa
Tanzania;Kagera
Tanzania;Katavi
Tanzania;Kigoma
Tanzania;Kilimanjaro
Tanzania;Lindi
Tanzania;Manyara
Tanzania;Mara
Tanzania;Mbeya
Tanzania;Morogoro
Tanzania;Mtwara
Tanzania;Mwanza
Tanzania;Njombe
Tanzania;Pemba North
Tanzania;Pemba South
Tanzania;Pwani
Tanzania;Rukwa
Tanzania;Ruvuma
Tanzania;Shinyanga
Tanzania;Simiyu
Tanzania;Singida
Tanzania;Tabora
Tanzania;Tanga
Tanzania;Zanzibar Central/South
Tanzania;Zanzibar North
Tanzania;Zanzibar Urban/West
Thailand;Amnat Charoen
Thailand;Ang Thong
Thailand;Bangkok
Thailand;Buriram
Thailand;Chachoengsao
Thailand;Chai Nat
Thailand;Chaiyaphum
Thailand;Changwat Bueng Kan
Thailand;Changwat Ubon Ratchathani
Thailand;Chanthaburi
Thailand;Chiang Mai
Thailand;Chiang Rai
Thailand;Chon Buri
Thailand;Chumphon
Thailand;Kalasin
Thailand;Kamphaeng Phet
Thailand;Kanchanaburi
Thailand;Khon Kaen
Thailand;Krabi
Thailand;Lampang
Thailand;Lamphun
Thailand;Loei
Thailand;Lopburi
Thailand;Mae Hong Son
Thailand;Maha Sarakham
Thailand;Mukdahan
Thailand;Nakhon Nayok
Thailand;Nakhon Pathom
Thailand;Nakhon Phanom
Thailand;Nakhon Ratchasima
Thailand;Nakhon Sawan
Thailand;Nakhon Si Thammarat
Thailand;Nan
Thailand;Narathiwat
Thailand;Nong Bua Lamphu
Thailand;Nong Khai
Thailand;Nonthaburi
Thailand;Pathum Thani
Thailand;Pattani
Thailand;Phangnga
Thailand;Phatthalung
Thailand;Phayao
Thailand;Phetchabun
Thailand;Phetchaburi
Thailand;Phichit
Thailand;Phitsanulok
Thailand;Phra Nakhon Si Ayutthaya
Thailand;Phrae
Thailand;Phuket
Thailand;Prachin Buri
Thailand;Prachuap Khiri Khan
Thailand;Ranong
Thailand;Ratchaburi
Thailand;Rayong
Thailand;Roi Et
Thailand;Sa Kaeo
Thailand;Sakon Nakhon
Thailand;Samut Prakan
Thailand;Samut Sakhon
Thailand;Samut Songkhram
Thailand;Sara Buri
Thailand;Satun
Thailand;Sing Buri
Thailand;Sisaket
Thailand;Songkhla
Thailand;Sukhothai
Thailand;Suphan Buri
Thailand;Surat Thani
Thailand;Surin
Thailand;Tak
Thailand;Trang
Thailand;Trat
Thailand;Udon Thani
Thailand;Uthai Thani
Thailand;Uttaradit
Thailand;Yala
Thailand;Yasothon
Tonga;Tongatapu
Zambia;Central
Zambia;Copperbelt
Zambia;Eastern
Zambia;Luapula
Zambia;Lusaka
Zambia;Muchinga
Zambia;North-Western
Zambia;Northern
Zambia;Southern
Zambia;Western
Bahrain;Capital Governorate
Bahrain;Northern
Bangladesh;Barisal
Bangladesh;Chittagong
Bangladesh;Dhaka
Bangladesh;Khulna
Bangladesh;Mymensingh Division
Bangladesh;Rajshahi Division
Bangladesh;Rangpur Division
Bangladesh;Sylhet
Belarus;Brest
Belarus;Gomel
Belarus;Grodnenskaya
Belarus;Minsk
Belarus;Minsk City
Belarus;Mogilev
Belarus;Vitebsk
Bolivia;Chuquisaca
Bolivia;Cochabamba
Bolivia;El Beni
Bolivia;La Paz
Bolivia;Oruro
Bolivia;Pando
Bolivia;Potosi
Bolivia;Santa Cruz
Bolivia;Tarija
Canada;Alberta
Canada;British Columbia
Canada;Manitoba
Canada;New Brunswick
Canada;Newfoundland and Labrador
Canada;Northwest Territories
Canada;Nova Scotia
Canada;Nunavut
Canada;Ontario
Canada;Prince Edward Island
Canada;Quebec
Canada;Saskatchewan
Canada;Yukon
Greenland;Kujalleq
Greenland;Qeqqata
Greenland;Sermersooq
Hong Kong;Hong Kong SAR
Israel;Central District
Israel;Haifa
Israel;Jerusalem
Israel;Judea and Samaria
Israel;Northern District
Israel;Southern District
Israel;Tel Aviv
Netherlands;Drenthe
Netherlands;Flevoland
Netherlands;Friesland
Netherlands;Groningen
Netherlands;Limburg
Netherlands;North Brabant
Netherlands;North Holland
Netherlands;Overijssel
Netherlands;South Holland
Netherlands;Utrecht
Netherlands;Zeeland
Netherlands;‎Gelderland
Puerto Rico;Aguadilla
Puerto Rico;Arecibo
Puerto Rico;Bayamon
Puerto Rico;Cabo Rojo
Puerto Rico;Caguas
Puerto Rico;Camuy
Puerto Rico;Carolina
Puerto Rico;Catano
Puerto Rico;Fajardo
Puerto Rico;Guayama
Puerto Rico;Guayanilla
Puerto Rico;Manati
Puerto Rico;Mayaguez
Puerto Rico;Ponce
Puerto Rico;Salinas
Puerto Rico;San German
Puerto Rico;San Juan
Puerto Rico;Vieques
Romania;Alba
Romania;Arad
Romania;Arges
Romania;Bacau
Romania;Bihor
Romania;Bistrita-Nasaud
Romania;Botosani
Romania;Braila
Romania;Brasov
Romania;Bucuresti
Romania;Buzau
Romania;Calarasi
Romania;Caras-Severin
Romania;Cluj
Romania;Constanta
Romania;Covasna
Romania;Dambovita
Romania;Dolj
Romania;Galati
Romania;Giurgiu
Romania;Gorj
Romania;Harghita
Romania;Hunedoara
Romania;Ialomita
Romania;Iasi
Romania;Ilfov
Romania;Maramures
Romania;Mehedinti
Romania;Mures
Romania;Neamt
Romania;Olt
Romania;Prahova
Romania;Salaj
Romania;Satu Mare
Romania;Sibiu
Romania;Suceava
Romania;Teleorman
Romania;Timis
Romania;Tulcea
Romania;Valcea
Romania;Vaslui
Romania;Vrancea
Turkmenistan;Ahal
Turkmenistan;Lebap
Vietnam;An Giang
Vietnam;Da Nang
Vietnam;Dak Nong
Vietnam;Gia Lai
Vietnam;Ha Nam
Vietnam;Hanoi
Vietnam;Hau Giang
Vietnam;Ho Chi Minh City
Vietnam;Khanh Hoa
Vietnam;Kon Tum
Vietnam;Long An
Vietnam;Phu Tho
Vietnam;Thanh Pho Can Tho
Vietnam;Thanh Pho GJa Nang
Vietnam;Thanh Pho Hai Phong
Vietnam;Tinh Ba Ria-Vung Tau
Vietnam;Tinh Bac Giang
Vietnam;Tinh Bac Kan
Vietnam;Tinh Bac Lieu
Vietnam;Tinh Bac Ninh
Vietnam;Tinh Ben Tre
Vietnam;Tinh Binh Duong
Vietnam;Tinh Binh GJinh
Vietnam;Tinh Binh Phuoc
Vietnam;Tinh Binh Thuan
Vietnam;Tinh Ca Mau
Vietnam;Tinh Cao Bang
Vietnam;Tinh Dien Bien
Vietnam;Tinh Dong Nai
Vietnam;Tinh GJak Lak
Vietnam;Tinh GJong Thap
Vietnam;Tinh Ha Giang
Vietnam;Tinh Ha Tinh
Vietnam;Tinh Hai Duong
Vietnam;Tinh Hoa Binh
Vietnam;Tinh Hung Yen
Vietnam;Tinh Kien Giang
Vietnam;Tinh Lai Chau
Vietnam;Tinh Lam Dong
Vietnam;Tinh Lang Son
Vietnam;Tinh Lao Cai
Vietnam;Tinh Nam GJinh
Vietnam;Tinh Nghe An
Vietnam;Tinh Ninh Binh
Vietnam;Tinh Ninh Thuan
Vietnam;Tinh Phu Yen
Vietnam;Tinh Quang Binh
Vietnam;Tinh Quang Nam
Vietnam;Tinh Quang Ngai
Vietnam;Tinh Quang Ninh
Vietnam;Tinh Quang Tri
Vietnam;Tinh Soc Trang
Vietnam;Tinh Son La
Vietnam;Tinh Tay Ninh
Vietnam;Tinh Thai Binh
Vietnam;Tinh Thai Nguyen
Vietnam;Tinh Thanh Hoa
Vietnam;Tinh Thua Thien-Hue
Vietnam;Tinh Tien Giang
Vietnam;Tinh Tra Vinh
Vietnam;Tinh Tuyen Quang
Vietnam;Tinh Vinh Long
Vietnam;Tinh Vinh Phuc
Vietnam;Tinh Yen Bai

